id;status;level;trainer;active_from;activeto
1;jump noisy;abaft;promise;2023-12-30T22:58:17;2023-12-30T08:48:40
2;finally counselor;spirited although;plugin deputize down;2023-12-30T09:47:11;2023-12-30T22:41:30
3;flustered grave ack;sole kayak;instantly;2023-12-30T21:02:42;2023-12-30T09:22:02
4;if though latter;improbable times;amongst meanwhile;2023-12-30T10:49:29;2023-12-30T15:45:40
5;freely virtual since;wreak;normalization extroverted;2023-12-30T05:19:31;2023-12-30T17:28:39
6;within;encode;what rudely now;2023-12-30T06:27:52;2023-12-30T09:21:06
7;receiver;instead yum er;definite noteworthy;2023-12-30T04:36:15;2023-12-30T15:09:10
8;valley;wreak provided;optimise apricot;2023-12-30T04:13:29;2023-12-30T12:46:53
9;dissent gently positively;opposite drat;mmm;2023-12-30T07:31:58;2023-12-30T23:07:48
10;even finally drat;miserable duh after;vicious;2023-12-30T03:27:39;2023-12-30T18:43:08
